﻿<?xml version="1.0" encoding="UTF-8"?>
<!DOCTYPE mapper PUBLIC "-//mybatis.org//DTD Mapper 3.0//EN" "http://mybatis.org/dtd/mybatis-3-mapper.dtd">
<mapper namespace="com.example.secondhandcar.mapper.ErshoucheMapper">

    <!-- 通用查询映射结果 -->
    <resultMap id="BaseResultMap" type="com.example.secondhandcar.entity.Ershouche">
        <id column="id" property="id" />
        <result column="addtime" property="addtime" />
        <result column="cheliangbianhao" property="cheliangbianhao" />
        <result column="qichexinghaoid" property="qichexinghaoid" />
        <result column="chepai" property="chepai" />
        <result column="pinpai" property="pinpai" />
        <result column="chexi" property="chexi" />
        <result column="chexing" property="chexing" />
        <result column="nianfen" property="nianfen" />
        <result column="licheng" property="licheng" />
        <result column="pailiang" property="pailiang" />
        <result column="biansuxiang" property="biansuxiang" />
        <result column="ranliao" property="ranliao" />
        <result column="yanse" property="yanse" />
        <result column="neishi" property="neishi" />
        <result column="shangpaidate" property="shangpaidate" />
        <result column="nianjiandate" property="nianjiandate" />
        <result column="baoxiandate" property="baoxiandate" />
        <result column="shoujia" property="shoujia" />
        <result column="tupian" property="tupian" />
        <result column="tupian_more" property="tupianMore" />
        <result column="miaoshu" property="miaoshu" />
        <result column="fabudate" property="fabudate" />
        <result column="faburen" property="faburen" />
        <result column="zhuangtai" property="zhuangtai" />
        <result column="model_id" property="modelId" />
        <result column="model_file_path" property="modelFilePath" />
        <result column="has_vr_view" property="hasVrView" />
        <result column="vr_view_count" property="vrViewCount" />
        <result column="pinggu_zongfen" property="pingguZongfen" />
        <result column="pinggu_status" property="pingguStatus" />
    </resultMap>
    
    <!-- 详细信息结果映射 -->
    <resultMap id="DetailResultMap" type="com.example.secondhandcar.vo.ErshoucheVO" extends="BaseResultMap">
        <result column="faburen_name" property="faburenName" />
        <association property="qichexinghaoInfo" javaType="com.example.secondhandcar.entity.Qichexinghao">
            <id column="qx_id" property="id" />
            <result column="qx_pinpai" property="pinpai" />
            <result column="qx_chexi" property="chexi" />
            <result column="qx_chexing" property="chexing" />
            <result column="qx_pailiang" property="pailiang" />
            <result column="qx_biansuxiang" property="biansuxiang" />
            <result column="qx_ranliao" property="ranliao" />
        </association>
    </resultMap>

    <select id="selectDetailPage" resultMap="DetailResultMap">
        SELECT 
            e.*,
            u.yonghuming as faburen_name,
            q.id as qx_id, 
            q.pinpai as qx_pinpai, 
            q.chexi as qx_chexi, 
            q.chexing as qx_chexing, 
            q.pailiang as qx_pailiang, 
            q.biansuxiang as qx_biansuxiang, 
            q.ranliao as qx_ranliao
        FROM 
            ershouche e
        LEFT JOIN 
            yonghu u ON e.faburen = u.id
        LEFT JOIN 
            qichexinghao q ON e.qichexinghaoid = q.id
        <where>
            <if test="pinpai != null and pinpai != ''">
                AND e.pinpai LIKE CONCAT('%', #{pinpai}, '%')
            </if>
            <if test="chexi != null and chexi != ''">
                AND e.chexi LIKE CONCAT('%', #{chexi}, '%')
            </if>
            <if test="nianfenStart != null">
                AND e.nianfen >= #{nianfenStart}
            </if>
            <if test="nianfenEnd != null">
                AND e.nianfen &lt;= #{nianfenEnd}
            </if>
            <if test="priceStart != null">
                AND e.shoujia >= #{priceStart}
            </if>
            <if test="priceEnd != null">
                AND e.shoujia &lt;= #{priceEnd}
            </if>
            <if test="zhuangtai != null and zhuangtai != ''">
                AND e.zhuangtai = #{zhuangtai}
            </if>
        </where>
        ORDER BY e.addtime DESC
    </select>

    <!-- 根据ID查询二手车详细信息 -->
    <select id="selectDetailById" resultMap="DetailResultMap">
        SELECT 
            e.*,
            u.yonghuming as faburen_name,
            q.id as qx_id, 
            q.pinpai as qx_pinpai, 
            q.chexi as qx_chexi, 
            q.chexing as qx_chexing, 
            q.pailiang as qx_pailiang, 
            q.biansuxiang as qx_biansuxiang, 
            q.ranliao as qx_ranliao
        FROM 
            ershouche e
        LEFT JOIN 
            yonghu u ON e.faburen = u.id
        LEFT JOIN 
            qichexinghao q ON e.qichexinghaoid = q.id
        WHERE 
            e.id = #{id}
    </select>
</mapper>
