<?xml version="1.0" encoding="UTF-8"?>
<!DOCTYPE mapper PUBLIC "-//mybatis.org//DTD Mapper 3.0//EN" "http://mybatis.org/dtd/mybatis-3-mapper.dtd">
<mapper namespace="com.example.secondhandcar.mapper.QichexinghaoMapper">

    <!-- 通用查询映射结果 -->
    <resultMap id="BaseResultMap" type="com.example.secondhandcar.entity.Qichexinghao">
        <id column="id" property="id" />
        <result column="addtime" property="addtime" />
        <result column="qichexinghao" property="qichexinghao" />
        <result column="pinpai" property="pinpai" />
        <result column="chexi" property="chexi" />
        <result column="chexing" property="chexing" />
        <result column="pailiang" property="pailiang" />
        <result column="biansuxiang" property="biansuxiang" />
        <result column="ranliao" property="ranliao" />
    </resultMap>

    <!-- 查询所有品牌列表（去重） -->
    <select id="selectAllPinpai" resultType="java.lang.String">
        SELECT DISTINCT pinpai FROM qichexinghao ORDER BY pinpai
    </select>

    <!-- 根据品牌查询车系列表（去重） -->
    <select id="selectChexiByPinpai" resultType="java.lang.String">
        SELECT DISTINCT chexi FROM qichexinghao
        WHERE pinpai = #{pinpai}
        ORDER BY chexi
    </select>
</mapper> 